{
  "hash": "9bdfd636",
  "configHash": "0a3f62fc",
  "lockfileHash": "129b080a",
  "browserHash": "b82e9629",
  "optimized": {
    "@angular/common": {
      "src": "../../../../../node_modules/@angular/common/fesm2022/common.mjs",
      "file": "@angular_common.js",
      "fileHash": "b680d31c",
      "needsInterop": false
    },
    "@angular/core": {
      "src": "../../../../../node_modules/@angular/core/fesm2022/core.mjs",
      "file": "@angular_core.js",
      "fileHash": "9dbc4fed",
      "needsInterop": false
    },
    "@angular/platform-browser": {
      "src": "../../../../../node_modules/@angular/platform-browser/fesm2022/platform-browser.mjs",
      "file": "@angular_platform-browser.js",
      "fileHash": "5f093edc",
      "needsInterop": false
    },
    "@angular/router": {
      "src": "../../../../../node_modules/@angular/router/fesm2022/router.mjs",
      "file": "@angular_router.js",
      "fileHash": "8fdafc82",
      "needsInterop": false
    }
  },
  "chunks": {
    "chunk-GAIKSF3W": {
      "file": "chunk-GAIKSF3W.js"
    },
    "chunk-2AHJHZMD": {
      "file": "chunk-2AHJHZMD.js"
    },
    "chunk-QT62IOSF": {
      "file": "chunk-QT62IOSF.js"
    }
  }
}